insert into KLIENT 
	(klient_ID,klient_nazwisko,klient_imie,klient_adres,
	 klient_miasto,klient_kod_adresowy,klient_nr_telefonu)
values
	(seq_klient.nextval,'Maj','Olaf','Kostki 7','Makow Mazowiecki','06-200','511212749')
;

insert into KLIENT 
	(klient_ID,klient_nazwisko,klient_imie,klient_adres,
	 klient_miasto,klient_kod_adresowy,klient_nr_telefonu)
values
	(seq_klient.nextval,'Bednarek','Zenon','Brzozowa 2','Makow Mazowiecki','06-200','350124525')
;

insert into KLIENT 
	(klient_ID,klient_nazwisko,klient_imie,klient_adres,
	 klient_miasto,klient_kod_adresowy,klient_nr_telefonu)
values
	(seq_klient.nextval,'Szymczak','Karolina','Akacjowa 13','Karniewo','06-220','701212683')
;

insert into KLIENT 
	(klient_ID,klient_imie,klient_nazwisko,klient_adres,
	 klient_miasto,klient_kod_adresowy,klient_nr_telefonu)
values
	(seq_klient.nextval,'Izabella','Wilk','Szkolna 22','Przemiarowo','61-481','630813796')
;

insert into KLIENT 
	(klient_ID,klient_imie,klient_nazwisko,klient_adres,
	 klient_miasto,klient_kod_adresowy,klient_nr_telefonu)
values
	(seq_klient.nextval,'Bohdan','Michalak','Bielawska 4','Sypniewo','24-438','330515586')
;

insert into KLIENT 
	(klient_ID,klient_imie,klient_nazwisko,klient_adres,
	 klient_miasto,klient_kod_adresowy,klient_nr_telefonu)
values
	(seq_klient.nextval,'Romuald','Ciesielski','Ogrodowa 1','Karniewo','06-220','471113317')
;

insert into KLIENT 
	(klient_ID,klient_imie,klient_nazwisko,klient_adres,
	 klient_miasto,klient_kod_adresowy,klient_nr_telefonu)
values
	(seq_klient.nextval,'Iryna','Michalik','Liliowa 9','Makow Mazowiecki','06-200','441202946')
;

insert into KLIENT 
	(klient_ID,klient_imie,klient_nazwisko,klient_adres,
	 klient_miasto,klient_kod_adresowy,klient_nr_telefonu)
values
	(seq_klient.nextval,'Adam','Rutkowski','Sienkiewicza 15','Przemiarowo','61-481','771129326')
;

insert into KLIENT 
	(klient_ID,klient_imie,klient_nazwisko,klient_adres,
	 klient_miasto,klient_kod_adresowy,klient_nr_telefonu)
values
	(seq_klient.nextval,'Seweryn','Witkowski','Piastowska 15','Sypniewo','24-438','042201385')
;

insert into KLIENT 
	(klient_ID,klient_imie,klient_nazwisko,klient_adres,
	 klient_miasto,klient_kod_adresowy,klient_nr_telefonu)
values
	(seq_klient.nextval,'Wanda','Sobczak','Chabrowa 10','Karniewo','06-220','280513403')
;

insert into KLIENT 
	(klient_ID,klient_imie,klient_nazwisko,klient_adres,
	 klient_miasto,klient_kod_adresowy,klient_nr_telefonu)
values
	(seq_klient.nextval,'Aleksy','Pawlak','Chabrowa 10','Makow Mazowiecki','06-200','631221126')
;

insert into KLIENT 
	(klient_ID,klient_imie,klient_nazwisko,klient_adres,
	 klient_miasto,klient_kod_adresowy,klient_nr_telefonu)
values
	(seq_klient.nextval,'Volodymyr','Sawicki','Janaszka 23','Makow Mazowiecki','06-200','830224839')
;

insert into KLIENT 
	(klient_ID,klient_imie,klient_nazwisko,klient_adres,
	 klient_miasto,klient_kod_adresowy,klient_nr_telefonu)
values
	(seq_klient.nextval,'Julian','Majchrzak','Janaszka 23','Przemiarowo','61-481','830224839')
;

insert into KLIENT 
	(klient_ID,klient_imie,klient_nazwisko,klient_adres,
	 klient_miasto,klient_kod_adresowy,klient_nr_telefonu)
values
	(seq_klient.nextval,'Eugeniusz','Fedyniak','Gajdy 7','Sypniewo','24-438','780923524')
;

insert into KLIENT 
	(klient_ID,klient_imie,klient_nazwisko,klient_adres,
	 klient_miasto,klient_kod_adresowy,klient_nr_telefonu)
values
	(seq_klient.nextval,'Walentyna','Tomczyk','Parkowa 19','Sypniewo','24-438','760309340')
;

insert into KLIENT 
	(klient_ID,klient_imie,klient_nazwisko,klient_adres,
	 klient_miasto,klient_kod_adresowy,klient_nr_telefonu)
values
	(seq_klient.nextval,'Bernard','Czajkowski','Miodowa 14','Makow Mazowiecki','06-200','520214649')
;

insert into KLIENT 
	(klient_ID,klient_imie,klient_nazwisko,klient_adres,
	 klient_miasto,klient_kod_adresowy,klient_nr_telefonu)
values
	(seq_klient.nextval,'Jacek','Jakubowski','Ludowa 20','Makow Mazowiecki','06-200','122811442')
;

insert into KLIENT 
	(klient_ID,klient_imie,klient_nazwisko,klient_adres,
	 klient_miasto,klient_kod_adresowy,klient_nr_telefonu)
values
	(seq_klient.nextval,'Marika','Przybylska','Porzeczkowa 13','Przemiarowo','61-481','980712036')
;

insert into KLIENT 
	(klient_ID,klient_imie,klient_nazwisko,klient_adres,
	 klient_miasto,klient_kod_adresowy,klient_nr_telefonu)
values
	(seq_klient.nextval,'Henryk','Tomczyk','Kasztanowa 16','Przemiarowo','61-481','260405514')
;

insert into KLIENT 
	(klient_ID,klient_imie,klient_nazwisko,klient_adres,
	 klient_miasto,klient_kod_adresowy,klient_nr_telefonu)
values
	(seq_klient.nextval,'Jowita','Nawrocka','Witosa 2','Makow Mazowiecki','06-200','201022216')
;
insert into TYP
    (typ_rozmiar,typ_rozmiar_mnoznik)
values
    ('S',1)
;

insert into TYP
    (typ_rozmiar,typ_rozmiar_mnoznik)
values
    ('M',1.3)
;

insert into TYP
    (typ_rozmiar,typ_rozmiar_mnoznik)
values
    ('L',1.7)
;

insert into TYP
    (typ_rozmiar,typ_rozmiar_mnoznik)
values
    ('XL',2.1)
;

insert into DOSTAWCA
    (dostawca_id,dostawca_imie,dostawca_nazwisko)
values
    (seq_dostawca.nextval,'Ferdynand','Sroka')
;

insert into DOSTAWCA
    (dostawca_id,dostawca_imie,dostawca_nazwisko)
values
    (seq_dostawca.nextval,'Brunon','Olszewski')
;

insert into DOSTAWCA
    (dostawca_id,dostawca_imie,dostawca_nazwisko)
values
    (seq_dostawca.nextval,'Krystian','Bukowski')
;

insert into DOSTAWCA
    (dostawca_id,dostawca_imie,dostawca_nazwisko)
values
    (seq_dostawca.nextval,'Henryka','Ostrowska')
;

insert into SKLADNIK
    (skladnik_id,skladnik_nazwa)
values
    (seq_skladnik.nextval,'Pepperoni')
;

insert into SKLADNIK
    (skladnik_id,skladnik_nazwa)
values
    (seq_skladnik.nextval,'Ser mozzarella')
;

insert into SKLADNIK
    (skladnik_id,skladnik_nazwa)
values
    (seq_skladnik.nextval,'Sos pomidorowy')
;

insert into SKLADNIK
    (skladnik_id,skladnik_nazwa)
values
    (seq_skladnik.nextval,'Szynka')
;

insert into SKLADNIK
    (skladnik_id,skladnik_nazwa)
values
    (seq_skladnik.nextval,'Bekon')
;

insert into SKLADNIK
    (skladnik_id,skladnik_nazwa)
values
    (seq_skladnik.nextval,'Kurczak')
;

insert into SKLADNIK
    (skladnik_id,skladnik_nazwa)
values
    (seq_skladnik.nextval,'Pieczarki')
;

insert into SKLADNIK
    (skladnik_id,skladnik_nazwa)
values
    (seq_skladnik.nextval,'Kukurydza')
;

insert into SKLADNIK
    (skladnik_id,skladnik_nazwa)
values
    (seq_skladnik.nextval,'Papryka')
;

insert into SKLADNIK
    (skladnik_id,skladnik_nazwa)
values
    (seq_skladnik.nextval,'Papryczka jalapeno')
;

insert into SKLADNIK
    (skladnik_id,skladnik_nazwa)
values
    (seq_skladnik.nextval,'Sos serowy')
;

insert into SKLADNIK
    (skladnik_id,skladnik_nazwa)
values
    (seq_skladnik.nextval,'Pomidor')
;

insert into SKLADNIK
    (skladnik_id,skladnik_nazwa)
values
    (seq_skladnik.nextval,'Cebula')
;

insert into PIZZA
    (pizza_ID,pizza_nazwa,pizza_cena)
values
    (seq_pizza.nextval,'Margheritta',20)
;

insert into PIZZA
    (pizza_ID,pizza_nazwa,pizza_cena)
values
    (seq_pizza.nextval,'Pieczarkowa',21)
;

insert into PIZZA
    (pizza_ID,pizza_nazwa,pizza_cena)
values
    (seq_pizza.nextval,'Pepperoni',25)
;

insert into PIZZA
    (pizza_ID,pizza_nazwa,pizza_cena)
values
    (seq_pizza.nextval,'Capriciosa',26)
;

insert into PIZZA
    (pizza_ID,pizza_nazwa,pizza_cena)
values
    (seq_pizza.nextval,'New yorker',26)
;

insert into PIZZA
    (pizza_ID,pizza_nazwa,pizza_cena)
values
    (seq_pizza.nextval,'Wiejska',26)
;

insert into PIZZA
    (pizza_ID,pizza_nazwa,pizza_cena)
values
    (seq_pizza.nextval,'Drobiowa',26)
;

insert into PIZZA
    (pizza_ID,pizza_nazwa,pizza_cena)
values
    (seq_pizza.nextval,'Specjalna',27)
;

insert into PIZZA
    (pizza_ID,pizza_nazwa,pizza_cena)
values
    (seq_pizza.nextval,'Wege',27)
;

insert into PIZZA
    (pizza_ID,pizza_nazwa,pizza_cena)
values
    (seq_pizza.nextval,'Manhattan',32)
;
insert into PIZZA
    (pizza_ID,pizza_nazwa,pizza_cena)
values
    (seq_pizza.nextval,'Diabelska',28)
;

insert into PIZZA
    (pizza_ID,pizza_nazwa,pizza_cena)
values
    (seq_pizza.nextval,'Serowa',29)
;
insert into PRZEPIS
    (przepis_ID,pizza_ID,skladnik_ID,przepis_ilosc_skladnika)
values
    (seq_przepis.nextval,1,3,250)
;
insert into PRZEPIS
    (przepis_ID,pizza_ID,skladnik_ID,przepis_ilosc_skladnika)
values
    (seq_przepis.nextval,1,2,150)
;
insert into PRZEPIS
    (przepis_ID,pizza_ID,skladnik_ID,przepis_ilosc_skladnika)
values
    (seq_przepis.nextval,2,3,250)
;
insert into PRZEPIS
    (przepis_ID,pizza_ID,skladnik_ID,przepis_ilosc_skladnika)
values
    (seq_przepis.nextval,2,2,150)
;
insert into PRZEPIS
    (przepis_ID,pizza_ID,skladnik_ID,przepis_ilosc_skladnika)
values
    (seq_przepis.nextval,2,7,200)
;
insert into PRZEPIS
    (przepis_ID,pizza_ID,skladnik_ID,przepis_ilosc_skladnika)
values
    (seq_przepis.nextval,3,3,250)
;
insert into PRZEPIS
    (przepis_ID,pizza_ID,skladnik_ID,przepis_ilosc_skladnika)
values
    (seq_przepis.nextval,3,2,150)
;
insert into PRZEPIS
    (przepis_ID,pizza_ID,skladnik_ID,przepis_ilosc_skladnika)
values
    (seq_przepis.nextval,3,1,80)
;
insert into PRZEPIS
    (przepis_ID,pizza_ID,skladnik_ID,przepis_ilosc_skladnika)
values
    (seq_przepis.nextval,4,3,250)
;
insert into PRZEPIS
    (przepis_ID,pizza_ID,skladnik_ID,przepis_ilosc_skladnika)
values
    (seq_przepis.nextval,4,2,150)
;
insert into PRZEPIS
    (przepis_ID,pizza_ID,skladnik_ID,przepis_ilosc_skladnika)
values
    (seq_przepis.nextval,4,4,200)
;
insert into PRZEPIS
    (przepis_ID,pizza_ID,skladnik_ID,przepis_ilosc_skladnika)
values
    (seq_przepis.nextval,4,7,150)
;
insert into PRZEPIS
    (przepis_ID,pizza_ID,skladnik_ID,przepis_ilosc_skladnika)
values
    (seq_przepis.nextval,5,3,250)
;
insert into PRZEPIS
    (przepis_ID,pizza_ID,skladnik_ID,przepis_ilosc_skladnika)
values
    (seq_przepis.nextval,5,2,150)
;
insert into PRZEPIS
    (przepis_ID,pizza_ID,skladnik_ID,przepis_ilosc_skladnika)
values
    (seq_przepis.nextval,5,7,125)
;
insert into PRZEPIS
    (przepis_ID,pizza_ID,skladnik_ID,przepis_ilosc_skladnika)
values
    (seq_przepis.nextval,5,8,80)
;
insert into PRZEPIS
    (przepis_ID,pizza_ID,skladnik_ID,przepis_ilosc_skladnika)
values
    (seq_przepis.nextval,5,4,150)
;
insert into PRZEPIS
    (przepis_ID,pizza_ID,skladnik_ID,przepis_ilosc_skladnika)
values
    (seq_przepis.nextval,6,3,250)
;
insert into PRZEPIS
    (przepis_ID,pizza_ID,skladnik_ID,przepis_ilosc_skladnika)
values
    (seq_przepis.nextval,6,2,150)
;
insert into PRZEPIS
    (przepis_ID,pizza_ID,skladnik_ID,przepis_ilosc_skladnika)
values
    (seq_przepis.nextval,6,5,80)
;
insert into PRZEPIS
    (przepis_ID,pizza_ID,skladnik_ID,przepis_ilosc_skladnika)
values
    (seq_przepis.nextval,6,13,50)
;
insert into PRZEPIS
    (przepis_ID,pizza_ID,skladnik_ID,przepis_ilosc_skladnika)
values
    (seq_przepis.nextval,7,3,250)
;
insert into PRZEPIS
    (przepis_ID,pizza_ID,skladnik_ID,przepis_ilosc_skladnika)
values
    (seq_przepis.nextval,7,2,150)
;
insert into PRZEPIS
    (przepis_ID,pizza_ID,skladnik_ID,przepis_ilosc_skladnika)
values
    (seq_przepis.nextval,7,6,150)
;
insert into PRZEPIS
    (przepis_ID,pizza_ID,skladnik_ID,przepis_ilosc_skladnika)
values
    (seq_przepis.nextval,7,7,125)
;
insert into PRZEPIS
    (przepis_ID,pizza_ID,skladnik_ID,przepis_ilosc_skladnika)
values
    (seq_przepis.nextval,7,8,90)
;
insert into PRZEPIS
    (przepis_ID,pizza_ID,skladnik_ID,przepis_ilosc_skladnika)
values
    (seq_przepis.nextval,8,3,250)
;
insert into PRZEPIS
    (przepis_ID,pizza_ID,skladnik_ID,przepis_ilosc_skladnika)
values
    (seq_przepis.nextval,8,2,150)
;
insert into PRZEPIS
    (przepis_ID,pizza_ID,skladnik_ID,przepis_ilosc_skladnika)
values
    (seq_przepis.nextval,8,1,90)
;
insert into PRZEPIS
    (przepis_ID,pizza_ID,skladnik_ID,przepis_ilosc_skladnika)
values
    (seq_przepis.nextval,8,7,150)
;
insert into PRZEPIS
    (przepis_ID,pizza_ID,skladnik_ID,przepis_ilosc_skladnika)
values
    (seq_przepis.nextval,8,9,90)
;
insert into PRZEPIS
    (przepis_ID,pizza_ID,skladnik_ID,przepis_ilosc_skladnika)
values
    (seq_przepis.nextval,8,13,50)
;
insert into PRZEPIS
    (przepis_ID,pizza_ID,skladnik_ID,przepis_ilosc_skladnika)
values
    (seq_przepis.nextval,9,3,250)
;
insert into PRZEPIS
    (przepis_ID,pizza_ID,skladnik_ID,przepis_ilosc_skladnika)
values
    (seq_przepis.nextval,9,3,150)
;
insert into PRZEPIS
    (przepis_ID,pizza_ID,skladnik_ID,przepis_ilosc_skladnika)
values
    (seq_przepis.nextval,9,7,125)
;
insert into PRZEPIS
    (przepis_ID,pizza_ID,skladnik_ID,przepis_ilosc_skladnika)
values
    (seq_przepis.nextval,9,8,70)
;
insert into PRZEPIS
    (przepis_ID,pizza_ID,skladnik_ID,przepis_ilosc_skladnika)
values
    (seq_przepis.nextval,9,9,75)
;
insert into PRZEPIS
    (przepis_ID,pizza_ID,skladnik_ID,przepis_ilosc_skladnika)
values
    (seq_przepis.nextval,9,13,50)
;
insert into PRZEPIS
    (przepis_ID,pizza_ID,skladnik_ID,przepis_ilosc_skladnika)
values
    (seq_przepis.nextval,9,12,65)
;
insert into PRZEPIS
    (przepis_ID,pizza_ID,skladnik_ID,przepis_ilosc_skladnika)
values
    (seq_przepis.nextval,10,3,250)
;
insert into PRZEPIS
    (przepis_ID,pizza_ID,skladnik_ID,przepis_ilosc_skladnika)
values
    (seq_przepis.nextval,10,2,150)
;
insert into PRZEPIS
    (przepis_ID,pizza_ID,skladnik_ID,przepis_ilosc_skladnika)
values
    (seq_przepis.nextval,10,1,95)
;
insert into PRZEPIS
    (przepis_ID,pizza_ID,skladnik_ID,przepis_ilosc_skladnika)
values
    (seq_przepis.nextval,10,4,95)
;
insert into PRZEPIS
    (przepis_ID,pizza_ID,skladnik_ID,przepis_ilosc_skladnika)
values
    (seq_przepis.nextval,10,13,50)
;
insert into PRZEPIS
    (przepis_ID,pizza_ID,skladnik_ID,przepis_ilosc_skladnika)
values
    (seq_przepis.nextval,10,12,65)
;
insert into PRZEPIS
    (przepis_ID,pizza_ID,skladnik_ID,przepis_ilosc_skladnika)
values
    (seq_przepis.nextval,10,7,125)
;
insert into PRZEPIS
    (przepis_ID,pizza_ID,skladnik_ID,przepis_ilosc_skladnika)
values
    (seq_przepis.nextval,10,9,80)
;
insert into PRZEPIS
    (przepis_ID,pizza_ID,skladnik_ID,przepis_ilosc_skladnika)
values
    (seq_przepis.nextval,10,8,80)
;
insert into PRZEPIS
    (przepis_ID,pizza_ID,skladnik_ID,przepis_ilosc_skladnika)
values
    (seq_przepis.nextval,11,3,250)
;
insert into PRZEPIS
    (przepis_ID,pizza_ID,skladnik_ID,przepis_ilosc_skladnika)
values
    (seq_przepis.nextval,11,2,150)
;
insert into PRZEPIS
    (przepis_ID,pizza_ID,skladnik_ID,przepis_ilosc_skladnika)
values
    (seq_przepis.nextval,11,1,100)
;
insert into PRZEPIS
    (przepis_ID,pizza_ID,skladnik_ID,przepis_ilosc_skladnika)
values
    (seq_przepis.nextval,11,10,90)
;
insert into PRZEPIS
    (przepis_ID,pizza_ID,skladnik_ID,przepis_ilosc_skladnika)
values
    (seq_przepis.nextval,11,13,55)
;
insert into PRZEPIS
    (przepis_ID,pizza_ID,skladnik_ID,przepis_ilosc_skladnika)
values
    (seq_przepis.nextval,12,11,205)
;
insert into PRZEPIS
    (przepis_ID,pizza_ID,skladnik_ID,przepis_ilosc_skladnika)
values
    (seq_przepis.nextval,12,2,205)
;

insert into RACHUNEK
    (rachunek_ID,rachunek_data,klient_ID)
values
    (seq_rachunek.nextval,to_date('24/01/27','YYYY/MM/DD'),1)
;

insert into RACHUNEK
    (rachunek_ID,rachunek_data,klient_ID)
values
    (seq_rachunek.nextval,to_date('24/01/27','YYYY/MM/DD'),2)
;

insert into RACHUNEK
    (rachunek_ID,rachunek_data,klient_ID)
values
    (seq_rachunek.nextval,to_date('24/01/27','YYYY/MM/DD'),3)
;

insert into RACHUNEK
    (rachunek_ID,rachunek_data,klient_ID)
values
    (seq_rachunek.nextval,to_date('24/01/27','YYYY/MM/DD'),4)
;

insert into RACHUNEK
    (rachunek_ID,rachunek_data,klient_ID)
values
    (seq_rachunek.nextval,to_date('24/01/27','YYYY/MM/DD'),5)
;

insert into RACHUNEK
    (rachunek_ID,rachunek_data,klient_ID)
values
    (seq_rachunek.nextval,to_date('24/01/27','YYYY/MM/DD'),6)
;

insert into RACHUNEK
    (rachunek_ID,rachunek_data,klient_ID)
values
    (seq_rachunek.nextval,to_date('24/01/27','YYYY/MM/DD'),7)
;

insert into RACHUNEK
    (rachunek_ID,rachunek_data,klient_ID)
values
    (seq_rachunek.nextval,to_date('24/01/27','YYYY/MM/DD'),8)
;

insert into RACHUNEK
    (rachunek_ID,rachunek_data,klient_ID)
values
    (seq_rachunek.nextval,to_date('24/01/27','YYYY/MM/DD'),9)
;

insert into RACHUNEK
    (rachunek_ID,rachunek_data,klient_ID)
values
    (seq_rachunek.nextval,to_date('24/01/28','YYYY/MM/DD'),10)
;

insert into RACHUNEK
    (rachunek_ID,rachunek_data,klient_ID)
values
    (seq_rachunek.nextval,to_date('24/01/28','YYYY/MM/DD'),11)
;

insert into RACHUNEK
    (rachunek_ID,rachunek_data,klient_ID)
values
    (seq_rachunek.nextval,to_date('24/01/28','YYYY/MM/DD'),12)
;

insert into RACHUNEK
    (rachunek_ID,rachunek_data,klient_ID)
values
    (seq_rachunek.nextval,to_date('24/01/28','YYYY/MM/DD'),13)
;

insert into RACHUNEK
    (rachunek_ID,rachunek_data,klient_ID)
values
    (seq_rachunek.nextval,to_date('24/01/28','YYYY/MM/DD'),14)
;

insert into RACHUNEK
    (rachunek_ID,rachunek_data,klient_ID)
values
    (seq_rachunek.nextval,to_date('24/01/28','YYYY/MM/DD'),15)
;

insert into RACHUNEK
    (rachunek_ID,rachunek_data,klient_ID)
values
    (seq_rachunek.nextval,to_date('24/01/28','YYYY/MM/DD'),16)
;

insert into RACHUNEK
    (rachunek_ID,rachunek_data,klient_ID)
values
    (seq_rachunek.nextval,to_date('24/01/28','YYYY/MM/DD'),17)
;

insert into RACHUNEK
    (rachunek_ID,rachunek_data,klient_ID)
values
    (seq_rachunek.nextval,to_date('24/01/28','YYYY/MM/DD'),18)
;

insert into RACHUNEK
    (rachunek_ID,rachunek_data,klient_ID)
values
    (seq_rachunek.nextval,to_date('24/01/28','YYYY/MM/DD'),19)
;

insert into RACHUNEK
    (rachunek_ID,rachunek_data,klient_ID)
values
    (seq_rachunek.nextval,to_date('24/01/28','YYYY/MM/DD'),20)
;
insert into ZAMOWIENIE
    (zamowienie_ID,dostawca_ID,rachunek_ID,pizza_ID,typ_rozmiar)
values
    (seq_zamowienie.nextval,2,1,4,'M')
;
insert into ZAMOWIENIE
    (zamowienie_ID,dostawca_ID,rachunek_ID,pizza_ID,typ_rozmiar)
values
    (seq_zamowienie.nextval,2,1,2,'L')
;
insert into ZAMOWIENIE
    (zamowienie_ID,dostawca_ID,rachunek_ID,pizza_ID,typ_rozmiar)
values
    (seq_zamowienie.nextval,2,2,1,'XL')
;
insert into ZAMOWIENIE
    (zamowienie_ID,dostawca_ID,rachunek_ID,pizza_ID,typ_rozmiar)
values
    (seq_zamowienie.nextval,2,3,7,'S')
;
insert into ZAMOWIENIE
    (zamowienie_ID,dostawca_ID,rachunek_ID,pizza_ID,typ_rozmiar)
values
    (seq_zamowienie.nextval,2,3,5,'M')
;
insert into ZAMOWIENIE
    (zamowienie_ID,dostawca_ID,rachunek_ID,pizza_ID,typ_rozmiar)
values
    (seq_zamowienie.nextval,2,4,10,'L')
;
insert into ZAMOWIENIE
    (zamowienie_ID,dostawca_ID,rachunek_ID,pizza_ID,typ_rozmiar)
values
    (seq_zamowienie.nextval,2,4,11,'L')
;
insert into ZAMOWIENIE
    (zamowienie_ID,dostawca_ID,rachunek_ID,pizza_ID,typ_rozmiar)
values
    (seq_zamowienie.nextval,2,5,8,'XL')
;
insert into ZAMOWIENIE
    (zamowienie_ID,dostawca_ID,rachunek_ID,pizza_ID,typ_rozmiar)
values
    (seq_zamowienie.nextval,2,5,3,'L')
;
insert into ZAMOWIENIE
    (zamowienie_ID,dostawca_ID,rachunek_ID,pizza_ID,typ_rozmiar,zamowienie_ilosc)
values
    (seq_zamowienie.nextval,4,6,5,'L',3)
;
insert into ZAMOWIENIE
    (zamowienie_ID,dostawca_ID,rachunek_ID,pizza_ID,typ_rozmiar,zamowienie_ilosc)
values
    (seq_zamowienie.nextval,2,7,6,'M',2)
;
insert into ZAMOWIENIE
    (zamowienie_ID,dostawca_ID,rachunek_ID,pizza_ID,typ_rozmiar,zamowienie_ilosc)
values
    (seq_zamowienie.nextval,2,7,2,'S',2)
;
insert into ZAMOWIENIE
    (zamowienie_ID,dostawca_ID,rachunek_ID,pizza_ID,typ_rozmiar,zamowienie_ilosc)
values
    (seq_zamowienie.nextval,4,8,12,'XL',2)
;
insert into ZAMOWIENIE
    (zamowienie_ID,dostawca_ID,rachunek_ID,pizza_ID,typ_rozmiar,zamowienie_ilosc)
values
    (seq_zamowienie.nextval,4,8,4,'XL',2)
;
insert into ZAMOWIENIE
    (zamowienie_ID,dostawca_ID,rachunek_ID,pizza_ID,typ_rozmiar)
values
    (seq_zamowienie.nextval,3,9,9,'L')
;
insert into ZAMOWIENIE
    (zamowienie_ID,dostawca_ID,rachunek_ID,pizza_ID,typ_rozmiar,zamowienie_ilosc)
values
    (seq_zamowienie.nextval,3,9,1,'S',2)
;
insert into ZAMOWIENIE
    (zamowienie_ID,dostawca_ID,rachunek_ID,pizza_ID,typ_rozmiar,zamowienie_ilosc)
values
    (seq_zamowienie.nextval,1,10,7,'M',3)
;
insert into ZAMOWIENIE
    (zamowienie_ID,dostawca_ID,rachunek_ID,pizza_ID,typ_rozmiar)
values
    (seq_zamowienie.nextval,2,11,5,'M')
;
insert into ZAMOWIENIE
    (zamowienie_ID,dostawca_ID,rachunek_ID,pizza_ID,typ_rozmiar)
values
    (seq_zamowienie.nextval,4,12,3,'XL')
;
insert into ZAMOWIENIE
    (zamowienie_ID,dostawca_ID,rachunek_ID,pizza_ID,typ_rozmiar)
values
    (seq_zamowienie.nextval,1,13,8,'XL')
;
insert into ZAMOWIENIE
    (zamowienie_ID,dostawca_ID,rachunek_ID,pizza_ID,typ_rozmiar)
values
    (seq_zamowienie.nextval,2,14,11,'L')
;
insert into ZAMOWIENIE
    (zamowienie_ID,dostawca_ID,rachunek_ID,pizza_ID,typ_rozmiar)
values
    (seq_zamowienie.nextval,4,15,2,'S')
;
insert into ZAMOWIENIE
    (zamowienie_ID,dostawca_ID,rachunek_ID,pizza_ID,typ_rozmiar,zamowienie_ilosc)
values
    (seq_zamowienie.nextval,3,16,6,'S',3)
;
insert into ZAMOWIENIE
    (zamowienie_ID,dostawca_ID,rachunek_ID,pizza_ID,typ_rozmiar)
values
    (seq_zamowienie.nextval,3,16,7,'L')
;
insert into ZAMOWIENIE
    (zamowienie_ID,dostawca_ID,rachunek_ID,pizza_ID,typ_rozmiar)
values
    (seq_zamowienie.nextval,1,17,9,'S')
;
insert into ZAMOWIENIE
    (zamowienie_ID,dostawca_ID,rachunek_ID,pizza_ID,typ_rozmiar,zamowienie_ilosc)
values
    (seq_zamowienie.nextval,1,17,10,'L',3)
;
insert into ZAMOWIENIE
    (zamowienie_ID,dostawca_ID,rachunek_ID,pizza_ID,typ_rozmiar,zamowienie_ilosc)
values
    (seq_zamowienie.nextval,2,18,11,'M',2)
;
insert into ZAMOWIENIE
    (zamowienie_ID,dostawca_ID,rachunek_ID,pizza_ID,typ_rozmiar,zamowienie_ilosc)
values
    (seq_zamowienie.nextval,4,19,5,'S',2)
;
insert into ZAMOWIENIE
    (zamowienie_ID,dostawca_ID,rachunek_ID,pizza_ID,typ_rozmiar,zamowienie_ilosc)
values
    (seq_zamowienie.nextval,4,19,1,'S',2)
;
insert into ZAMOWIENIE
    (zamowienie_ID,dostawca_ID,rachunek_ID,pizza_ID,typ_rozmiar,zamowienie_ilosc)
values
    (seq_zamowienie.nextval,3,20,3,'XL',4)
;

update RACHUNEK
set rachunek_wartosc = 
    (
    select sum(pizza_cena*typ_rozmiar_mnoznik*zamowienie_ilosc) from zamowienie
    join typ on zamowienie.typ_rozmiar = typ.typ_rozmiar
    join pizza on zamowienie.pizza_ID = pizza.pizza_ID
    where rachunek_ID = 1
    )
where rachunek_ID = 1
;
update RACHUNEK
set rachunek_wartosc = 
    (
    select sum(pizza_cena*typ_rozmiar_mnoznik*zamowienie_ilosc) from zamowienie
    join typ on zamowienie.typ_rozmiar = typ.typ_rozmiar
    join pizza on zamowienie.pizza_ID = pizza.pizza_ID
    where rachunek_ID = 2
    )
where rachunek_ID = 2
;
update RACHUNEK
set rachunek_wartosc = 
    (
    select sum(pizza_cena*typ_rozmiar_mnoznik*zamowienie_ilosc) from zamowienie
    join typ on zamowienie.typ_rozmiar = typ.typ_rozmiar
    join pizza on zamowienie.pizza_ID = pizza.pizza_ID
    where rachunek_ID = 3
    )
where rachunek_ID = 3
;
update RACHUNEK
set rachunek_wartosc = 
    (
    select sum(pizza_cena*typ_rozmiar_mnoznik*zamowienie_ilosc) from zamowienie
    join typ on zamowienie.typ_rozmiar = typ.typ_rozmiar
    join pizza on zamowienie.pizza_ID = pizza.pizza_ID
    where rachunek_ID = 4
    )
where rachunek_ID = 4
;
update RACHUNEK
set rachunek_wartosc = 
    (
    select sum(pizza_cena*typ_rozmiar_mnoznik*zamowienie_ilosc) from zamowienie
    join typ on zamowienie.typ_rozmiar = typ.typ_rozmiar
    join pizza on zamowienie.pizza_ID = pizza.pizza_ID
    where rachunek_ID = 5
    )
where rachunek_ID = 5
;
update RACHUNEK
set rachunek_wartosc = 
    (
    select sum(pizza_cena*typ_rozmiar_mnoznik*zamowienie_ilosc) from zamowienie
    join typ on zamowienie.typ_rozmiar = typ.typ_rozmiar
    join pizza on zamowienie.pizza_ID = pizza.pizza_ID
    where rachunek_ID = 6
    )
where rachunek_ID = 6
;
update RACHUNEK
set rachunek_wartosc = 
    (
    select sum(pizza_cena*typ_rozmiar_mnoznik*zamowienie_ilosc) from zamowienie
    join typ on zamowienie.typ_rozmiar = typ.typ_rozmiar
    join pizza on zamowienie.pizza_ID = pizza.pizza_ID
    where rachunek_ID = 7
    )
where rachunek_ID = 7
;
update RACHUNEK
set rachunek_wartosc = 
    (
    select sum(pizza_cena*typ_rozmiar_mnoznik*zamowienie_ilosc) from zamowienie
    join typ on zamowienie.typ_rozmiar = typ.typ_rozmiar
    join pizza on zamowienie.pizza_ID = pizza.pizza_ID
    where rachunek_ID = 8
    )
where rachunek_ID = 8
;
update RACHUNEK
set rachunek_wartosc = 
    (
    select sum(pizza_cena*typ_rozmiar_mnoznik*zamowienie_ilosc) from zamowienie
    join typ on zamowienie.typ_rozmiar = typ.typ_rozmiar
    join pizza on zamowienie.pizza_ID = pizza.pizza_ID
    where rachunek_ID = 9
    )
where rachunek_ID = 9
;
update RACHUNEK
set rachunek_wartosc = 
    (
    select sum(pizza_cena*typ_rozmiar_mnoznik*zamowienie_ilosc) from zamowienie
    join typ on zamowienie.typ_rozmiar = typ.typ_rozmiar
    join pizza on zamowienie.pizza_ID = pizza.pizza_ID
    where rachunek_ID = 10
    )
where rachunek_ID = 10
;
update RACHUNEK
set rachunek_wartosc = 
    (
    select sum(pizza_cena*typ_rozmiar_mnoznik*zamowienie_ilosc) from zamowienie
    join typ on zamowienie.typ_rozmiar = typ.typ_rozmiar
    join pizza on zamowienie.pizza_ID = pizza.pizza_ID
    where rachunek_ID = 11
    )
where rachunek_ID = 11
;
update RACHUNEK
set rachunek_wartosc = 
    (
    select sum(pizza_cena*typ_rozmiar_mnoznik*zamowienie_ilosc) from zamowienie
    join typ on zamowienie.typ_rozmiar = typ.typ_rozmiar
    join pizza on zamowienie.pizza_ID = pizza.pizza_ID
    where rachunek_ID = 12
    )
where rachunek_ID = 12
;
update RACHUNEK
set rachunek_wartosc = 
    (
    select sum(pizza_cena*typ_rozmiar_mnoznik*zamowienie_ilosc) from zamowienie
    join typ on zamowienie.typ_rozmiar = typ.typ_rozmiar
    join pizza on zamowienie.pizza_ID = pizza.pizza_ID
    where rachunek_ID = 13
    )
where rachunek_ID = 13
;
update RACHUNEK
set rachunek_wartosc = 
    (
    select sum(pizza_cena*typ_rozmiar_mnoznik*zamowienie_ilosc) from zamowienie
    join typ on zamowienie.typ_rozmiar = typ.typ_rozmiar
    join pizza on zamowienie.pizza_ID = pizza.pizza_ID
    where rachunek_ID = 14
    )
where rachunek_ID = 14
;
update RACHUNEK
set rachunek_wartosc = 
    (
    select sum(pizza_cena*typ_rozmiar_mnoznik*zamowienie_ilosc) from zamowienie
    join typ on zamowienie.typ_rozmiar = typ.typ_rozmiar
    join pizza on zamowienie.pizza_ID = pizza.pizza_ID
    where rachunek_ID = 15
    )
where rachunek_ID = 15
;
update RACHUNEK
set rachunek_wartosc = 
    (
    select sum(pizza_cena*typ_rozmiar_mnoznik*zamowienie_ilosc) from zamowienie
    join typ on zamowienie.typ_rozmiar = typ.typ_rozmiar
    join pizza on zamowienie.pizza_ID = pizza.pizza_ID
    where rachunek_ID = 16
    )
where rachunek_ID = 16
;
update RACHUNEK
set rachunek_wartosc = 
    (
    select sum(pizza_cena*typ_rozmiar_mnoznik*zamowienie_ilosc) from zamowienie
    join typ on zamowienie.typ_rozmiar = typ.typ_rozmiar
    join pizza on zamowienie.pizza_ID = pizza.pizza_ID
    where rachunek_ID = 17
    )
where rachunek_ID = 17
;
update RACHUNEK
set rachunek_wartosc = 
    (
    select sum(pizza_cena*typ_rozmiar_mnoznik*zamowienie_ilosc) from zamowienie
    join typ on zamowienie.typ_rozmiar = typ.typ_rozmiar
    join pizza on zamowienie.pizza_ID = pizza.pizza_ID
    where rachunek_ID = 18
    )
where rachunek_ID = 18
;
update RACHUNEK
set rachunek_wartosc = 
    (
    select sum(pizza_cena*typ_rozmiar_mnoznik*zamowienie_ilosc) from zamowienie
    join typ on zamowienie.typ_rozmiar = typ.typ_rozmiar
    join pizza on zamowienie.pizza_ID = pizza.pizza_ID
    where rachunek_ID = 19
    )
where rachunek_ID = 19
;
update RACHUNEK
set rachunek_wartosc = 
    (
    select sum(pizza_cena*typ_rozmiar_mnoznik*zamowienie_ilosc) from zamowienie
    join typ on zamowienie.typ_rozmiar = typ.typ_rozmiar
    join pizza on zamowienie.pizza_ID = pizza.pizza_ID
    where rachunek_ID = 20
    )
where rachunek_ID = 20
;
